{
    "rmse": 0.691145163950892,
    "mae": 0.6432795199205462,
    "r2": 0.10759310858984816
}